<?xml version="1.0" encoding="UTF-8"?><record_update sys_domain="global" table="sys_embedded_help_content">
    <sys_embedded_help_content action="INSERT_OR_UPDATE">
        <active>true</active>
        <category>dashboards</category>
        <content><![CDATA[  <h1 class="title topictitle1">Dashboards list</h1>    <div class="body conbody">        <p class="p"><span class="ph"><span class="ph">ServiceNow®</span>      <span class="ph">Dashboards</span> enable you to display      multiple Performance Analytics, reporting, and other widgets on a single screen. Use      dashboards to create a story with data you can share with multiple users.</span></p>    <div class="p">The <span class="ph uicontrol">Dashboards</span> list shows the dashboards in your instance. The      following columns are important:<ul class="ul" id="pa_dashboard_list-normal__ul_hjj_cpx_dz"><li class="li">Group — The dashboard group that this dashboard belongs to. The dashboards are sorted in          the dashboard picker by these groups.</li><li class="li">Active — Indicates if a dashboard is active in your instance. If false, the dashboard is          unavailable.</li></ul></div>    <div class="note note"><span class="notetitle">Note:</span> The columns Visible to, Groups, Users, and Requires Roles only apply    to non-responsive dashboards. The values in these columns do not apply to responsive dashboards. </div>    <p class="p">Click <span class="ph uicontrol">New</span> to create a new dashboard.</p>  </div>]]></content>
        <last_sync>2018-06-12 16:34:09</last_sync>
        <modifier>normal</modifier>
        <name>pa_dashboards_list-normal</name>
        <page>pa_dashboards_list</page>
        <product>1</product>
        <qualifier/>
        <role/>
        <role_order>1000</role_order>
        <snc_created>true</snc_created>
        <sys_class_name>sys_embedded_help_content</sys_class_name>
        <sys_created_by>system</sys_created_by>
        <sys_created_on>2018-06-12 16:34:09</sys_created_on>
        <sys_domain>global</sys_domain>
        <sys_domain_path>/</sys_domain_path>
        <sys_id>b05eb1d34fee5300874e8020a310c740</sys_id>
        <sys_mod_count>0</sys_mod_count>
        <sys_name>pa_dashboards_list-normal</sys_name>
        <sys_package display_value="NeedIt" source="x_58872_needit">6ead8e780f603200cd674f8ce1050ed1</sys_package>
        <sys_policy/>
        <sys_scope display_value="NeedIt">6ead8e780f603200cd674f8ce1050ed1</sys_scope>
        <sys_update_name>sys_embedded_help_content_b05eb1d34fee5300874e8020a310c740</sys_update_name>
        <sys_updated_by>system</sys_updated_by>
        <sys_updated_on>2018-06-12 16:34:09</sys_updated_on>
        <version>k</version>
    </sys_embedded_help_content>
    <sys_translated_text action="delete_multiple" query="documentkey=b05eb1d34fee5300874e8020a310c740"/>
</record_update>
