<?xml version="1.0" encoding="UTF-8"?><record_update>
    <sys_ui_section caption="" section_id="5941945d0fe83200cd674f8ce1050e95" sys_domain="global" table="x_58872_needit_needit" version="3" view="">
        <sys_ui_element action="INSERT_OR_UPDATE">
            <element>number</element>
            <position>0</position>
            <sys_created_by>admin</sys_created_by>
            <sys_created_on>2019-10-31 12:25:55</sys_created_on>
            <sys_id>d6f976c61b340010411dea8bbc4bcbf5</sys_id>
            <sys_mod_count>0</sys_mod_count>
            <sys_ui_formatter/>
            <sys_ui_section caption="NULL" display_value="" name="x_58872_needit_needit" sys_domain="global" view="Default view">5941945d0fe83200cd674f8ce1050e95</sys_ui_section>
            <sys_updated_by>admin</sys_updated_by>
            <sys_updated_on>2019-10-31 12:25:55</sys_updated_on>
            <sys_user/>
            <type/>
        </sys_ui_element>
        <sys_ui_element action="INSERT_OR_UPDATE">
            <element>u_requested_for</element>
            <position>1</position>
            <sys_created_by>admin</sys_created_by>
            <sys_created_on>2019-10-31 12:25:55</sys_created_on>
            <sys_id>9ef976c61b340010411dea8bbc4bcbf5</sys_id>
            <sys_mod_count>0</sys_mod_count>
            <sys_ui_formatter/>
            <sys_ui_section caption="NULL" display_value="" name="x_58872_needit_needit" sys_domain="global" view="Default view">5941945d0fe83200cd674f8ce1050e95</sys_ui_section>
            <sys_updated_by>admin</sys_updated_by>
            <sys_updated_on>2019-10-31 12:25:55</sys_updated_on>
            <sys_user/>
            <type/>
        </sys_ui_element>
        <sys_ui_element action="INSERT_OR_UPDATE">
            <element>u_requested_for_email</element>
            <position>2</position>
            <sys_created_by>admin</sys_created_by>
            <sys_created_on>2019-10-31 12:25:55</sys_created_on>
            <sys_id>12f976c61b340010411dea8bbc4bcbf6</sys_id>
            <sys_mod_count>0</sys_mod_count>
            <sys_ui_formatter/>
            <sys_ui_section caption="NULL" display_value="" name="x_58872_needit_needit" sys_domain="global" view="Default view">5941945d0fe83200cd674f8ce1050e95</sys_ui_section>
            <sys_updated_by>admin</sys_updated_by>
            <sys_updated_on>2019-10-31 12:25:55</sys_updated_on>
            <sys_user/>
            <type/>
        </sys_ui_element>
        <sys_ui_element action="INSERT_OR_UPDATE">
            <element>u_request_type</element>
            <position>3</position>
            <sys_created_by>admin</sys_created_by>
            <sys_created_on>2019-10-31 12:25:55</sys_created_on>
            <sys_id>92f976c61b340010411dea8bbc4bcbf6</sys_id>
            <sys_mod_count>0</sys_mod_count>
            <sys_ui_formatter/>
            <sys_ui_section caption="NULL" display_value="" name="x_58872_needit_needit" sys_domain="global" view="Default view">5941945d0fe83200cd674f8ce1050e95</sys_ui_section>
            <sys_updated_by>admin</sys_updated_by>
            <sys_updated_on>2019-10-31 12:25:55</sys_updated_on>
            <sys_user/>
            <type/>
        </sys_ui_element>
        <sys_ui_element action="INSERT_OR_UPDATE">
            <element>u_what_needed</element>
            <position>4</position>
            <sys_created_by>admin</sys_created_by>
            <sys_created_on>2019-10-31 12:25:55</sys_created_on>
            <sys_id>16f976c61b340010411dea8bbc4bcbf6</sys_id>
            <sys_mod_count>0</sys_mod_count>
            <sys_ui_formatter/>
            <sys_ui_section caption="NULL" display_value="" name="x_58872_needit_needit" sys_domain="global" view="Default view">5941945d0fe83200cd674f8ce1050e95</sys_ui_section>
            <sys_updated_by>admin</sys_updated_by>
            <sys_updated_on>2019-10-31 12:25:55</sys_updated_on>
            <sys_user/>
            <type/>
        </sys_ui_element>
        <sys_ui_element action="INSERT_OR_UPDATE">
            <element>u_other</element>
            <position>5</position>
            <sys_created_by>admin</sys_created_by>
            <sys_created_on>2019-10-31 12:25:55</sys_created_on>
            <sys_id>96f976c61b340010411dea8bbc4bcbf6</sys_id>
            <sys_mod_count>0</sys_mod_count>
            <sys_ui_formatter/>
            <sys_ui_section caption="NULL" display_value="" name="x_58872_needit_needit" sys_domain="global" view="Default view">5941945d0fe83200cd674f8ce1050e95</sys_ui_section>
            <sys_updated_by>admin</sys_updated_by>
            <sys_updated_on>2019-10-31 12:25:55</sys_updated_on>
            <sys_user/>
            <type/>
        </sys_ui_element>
        <sys_ui_element action="INSERT_OR_UPDATE">
            <element>u_when_needed</element>
            <position>6</position>
            <sys_created_by>admin</sys_created_by>
            <sys_created_on>2019-10-31 12:25:55</sys_created_on>
            <sys_id>1af976c61b340010411dea8bbc4bcbf6</sys_id>
            <sys_mod_count>0</sys_mod_count>
            <sys_ui_formatter/>
            <sys_ui_section caption="NULL" display_value="" name="x_58872_needit_needit" sys_domain="global" view="Default view">5941945d0fe83200cd674f8ce1050e95</sys_ui_section>
            <sys_updated_by>admin</sys_updated_by>
            <sys_updated_on>2019-10-31 12:25:55</sys_updated_on>
            <sys_user/>
            <type/>
        </sys_ui_element>
        <sys_ui_element action="INSERT_OR_UPDATE">
            <element>.split</element>
            <position>7</position>
            <sys_created_by>admin</sys_created_by>
            <sys_created_on>2019-10-31 12:25:55</sys_created_on>
            <sys_id>9af976c61b340010411dea8bbc4bcbf6</sys_id>
            <sys_mod_count>0</sys_mod_count>
            <sys_ui_formatter/>
            <sys_ui_section caption="NULL" display_value="" name="x_58872_needit_needit" sys_domain="global" view="Default view">5941945d0fe83200cd674f8ce1050e95</sys_ui_section>
            <sys_updated_by>admin</sys_updated_by>
            <sys_updated_on>2019-10-31 12:25:55</sys_updated_on>
            <sys_user/>
            <type>.split</type>
        </sys_ui_element>
        <sys_ui_element action="INSERT_OR_UPDATE">
            <element>priority</element>
            <position>8</position>
            <sys_created_by>admin</sys_created_by>
            <sys_created_on>2019-10-31 12:25:55</sys_created_on>
            <sys_id>1ef976c61b340010411dea8bbc4bcbf6</sys_id>
            <sys_mod_count>0</sys_mod_count>
            <sys_ui_formatter/>
            <sys_ui_section caption="NULL" display_value="" name="x_58872_needit_needit" sys_domain="global" view="Default view">5941945d0fe83200cd674f8ce1050e95</sys_ui_section>
            <sys_updated_by>admin</sys_updated_by>
            <sys_updated_on>2019-10-31 12:25:55</sys_updated_on>
            <sys_user/>
            <type/>
        </sys_ui_element>
        <sys_ui_element action="INSERT_OR_UPDATE">
            <element>state</element>
            <position>9</position>
            <sys_created_by>admin</sys_created_by>
            <sys_created_on>2019-10-31 12:25:55</sys_created_on>
            <sys_id>9ef976c61b340010411dea8bbc4bcbf6</sys_id>
            <sys_mod_count>0</sys_mod_count>
            <sys_ui_formatter/>
            <sys_ui_section caption="NULL" display_value="" name="x_58872_needit_needit" sys_domain="global" view="Default view">5941945d0fe83200cd674f8ce1050e95</sys_ui_section>
            <sys_updated_by>admin</sys_updated_by>
            <sys_updated_on>2019-10-31 12:25:55</sys_updated_on>
            <sys_user/>
            <type/>
        </sys_ui_element>
        <sys_ui_element action="INSERT_OR_UPDATE">
            <element>complete</element>
            <position>10</position>
            <sys_created_by>admin</sys_created_by>
            <sys_created_on>2019-10-31 12:25:55</sys_created_on>
            <sys_id>12f976c61b340010411dea8bbc4bcbf7</sys_id>
            <sys_mod_count>0</sys_mod_count>
            <sys_ui_formatter/>
            <sys_ui_section caption="NULL" display_value="" name="x_58872_needit_needit" sys_domain="global" view="Default view">5941945d0fe83200cd674f8ce1050e95</sys_ui_section>
            <sys_updated_by>admin</sys_updated_by>
            <sys_updated_on>2019-10-31 12:25:55</sys_updated_on>
            <sys_user/>
            <type/>
        </sys_ui_element>
        <sys_ui_element action="INSERT_OR_UPDATE">
            <element>target</element>
            <position>11</position>
            <sys_created_by>admin</sys_created_by>
            <sys_created_on>2019-10-31 12:25:55</sys_created_on>
            <sys_id>92f976c61b340010411dea8bbc4bcbf7</sys_id>
            <sys_mod_count>0</sys_mod_count>
            <sys_ui_formatter/>
            <sys_ui_section caption="NULL" display_value="" name="x_58872_needit_needit" sys_domain="global" view="Default view">5941945d0fe83200cd674f8ce1050e95</sys_ui_section>
            <sys_updated_by>admin</sys_updated_by>
            <sys_updated_on>2019-10-31 12:25:55</sys_updated_on>
            <sys_user/>
            <type/>
        </sys_ui_element>
        <sys_ui_element action="INSERT_OR_UPDATE">
            <element>.end_split</element>
            <position>12</position>
            <sys_created_by>admin</sys_created_by>
            <sys_created_on>2019-10-31 12:25:55</sys_created_on>
            <sys_id>16f976c61b340010411dea8bbc4bcbf7</sys_id>
            <sys_mod_count>0</sys_mod_count>
            <sys_ui_formatter/>
            <sys_ui_section caption="NULL" display_value="" name="x_58872_needit_needit" sys_domain="global" view="Default view">5941945d0fe83200cd674f8ce1050e95</sys_ui_section>
            <sys_updated_by>admin</sys_updated_by>
            <sys_updated_on>2019-10-31 12:25:55</sys_updated_on>
            <sys_user/>
            <type>.end_split</type>
        </sys_ui_element>
        <sys_ui_element action="INSERT_OR_UPDATE">
            <element>short_description</element>
            <position>13</position>
            <sys_created_by>admin</sys_created_by>
            <sys_created_on>2019-10-31 12:25:55</sys_created_on>
            <sys_id>96f976c61b340010411dea8bbc4bcbf7</sys_id>
            <sys_mod_count>0</sys_mod_count>
            <sys_ui_formatter/>
            <sys_ui_section caption="NULL" display_value="" name="x_58872_needit_needit" sys_domain="global" view="Default view">5941945d0fe83200cd674f8ce1050e95</sys_ui_section>
            <sys_updated_by>admin</sys_updated_by>
            <sys_updated_on>2019-10-31 12:25:55</sys_updated_on>
            <sys_user/>
            <type/>
        </sys_ui_element>
        <sys_ui_element action="INSERT_OR_UPDATE">
            <element>description</element>
            <position>14</position>
            <sys_created_by>admin</sys_created_by>
            <sys_created_on>2019-10-31 12:25:55</sys_created_on>
            <sys_id>96f9b6c61b340010411dea8bbc4bcb10</sys_id>
            <sys_mod_count>0</sys_mod_count>
            <sys_ui_formatter/>
            <sys_ui_section caption="NULL" display_value="" name="x_58872_needit_needit" sys_domain="global" view="Default view">5941945d0fe83200cd674f8ce1050e95</sys_ui_section>
            <sys_updated_by>admin</sys_updated_by>
            <sys_updated_on>2019-10-31 12:25:55</sys_updated_on>
            <sys_user/>
            <type/>
        </sys_ui_element>
        <sys_ui_element action="INSERT_OR_UPDATE">
            <element>a788f5cf4fa65300874e8020a310c74b</element>
            <position>15</position>
            <sys_created_by>admin</sys_created_by>
            <sys_created_on>2019-10-31 12:25:55</sys_created_on>
            <sys_id>1af9b6c61b340010411dea8bbc4bcb10</sys_id>
            <sys_mod_count>0</sys_mod_count>
            <sys_ui_formatter/>
            <sys_ui_section caption="NULL" display_value="" name="x_58872_needit_needit" sys_domain="global" view="Default view">5941945d0fe83200cd674f8ce1050e95</sys_ui_section>
            <sys_updated_by>admin</sys_updated_by>
            <sys_updated_on>2019-10-31 12:25:55</sys_updated_on>
            <sys_user/>
            <type>chart</type>
        </sys_ui_element>
        <sys_ui_chart action="INSERT_OR_UPDATE">
            <form_field/>
            <height>300</height>
            <label>NeedIt Requests by Requested for</label>
            <report display_value="Active NeedIt Requests by Type">50fbf6064fa21300874e8020a310c7a3</report>
            <report_field>u_requested_for</report_field>
            <report_qual/>
            <section/>
            <sys_created_by>admin</sys_created_by>
            <sys_created_on>2018-06-11 21:30:27</sys_created_on>
            <sys_id>a788f5cf4fa65300874e8020a310c74b</sys_id>
            <sys_mod_count>5</sys_mod_count>
            <sys_updated_by>admin</sys_updated_by>
            <sys_updated_on>2018-06-11 21:41:18</sys_updated_on>
        </sys_ui_chart>
        <sys_ui_section action="INSERT_OR_UPDATE">
            <caption/>
            <header>false</header>
            <name>x_58872_needit_needit</name>
            <roles/>
            <sys_class_name>sys_ui_section</sys_class_name>
            <sys_created_by>admin</sys_created_by>
            <sys_created_on>2017-01-25 01:01:57</sys_created_on>
            <sys_domain>global</sys_domain>
            <sys_domain_path>/</sys_domain_path>
            <sys_id>5941945d0fe83200cd674f8ce1050e95</sys_id>
            <sys_mod_count>2</sys_mod_count>
            <sys_name>x_58872_needit_needit</sys_name>
            <sys_overrides/>
            <sys_package display_value="NeedIt" source="x_58872_needit">6ead8e780f603200cd674f8ce1050ed1</sys_package>
            <sys_policy/>
            <sys_scope display_value="NeedIt">6ead8e780f603200cd674f8ce1050ed1</sys_scope>
            <sys_update_name>sys_ui_section_5941945d0fe83200cd674f8ce1050e95</sys_update_name>
            <sys_updated_by>admin</sys_updated_by>
            <sys_updated_on>2017-02-16 19:40:26</sys_updated_on>
            <sys_user/>
            <title>true</title>
            <view display_value="Default view" name="NULL">Default view</view>
            <view_name/>
        </sys_ui_section>
    </sys_ui_section>
</record_update>
