<?xml version="1.0" encoding="UTF-8"?><record_update table="sys_report_users_groups">
    <sys_report_users_groups action="INSERT_OR_UPDATE">
        <group_id/>
        <report_id display_value="NeedIt Requests by Requested for">5838f1cf4fa65300874e8020a310c711</report_id>
        <sys_class_name>sys_report_users_groups</sys_class_name>
        <sys_created_by>admin</sys_created_by>
        <sys_created_on>2018-06-11 21:28:52</sys_created_on>
        <sys_id>dc38f1cf4fa65300874e8020a310c711</sys_id>
        <sys_mod_count>0</sys_mod_count>
        <sys_name>5838f1cf4fa65300874e8020a310c711</sys_name>
        <sys_package display_value="NeedIt" source="x_58872_needit">6ead8e780f603200cd674f8ce1050ed1</sys_package>
        <sys_policy/>
        <sys_scope display_value="NeedIt">6ead8e780f603200cd674f8ce1050ed1</sys_scope>
        <sys_update_name>sys_report_users_groups_dc38f1cf4fa65300874e8020a310c711</sys_update_name>
        <sys_updated_by>admin</sys_updated_by>
        <sys_updated_on>2018-06-11 21:28:52</sys_updated_on>
        <user_id display_value="System Administrator">6816f79cc0a8016401c5a33be04be441</user_id>
    </sys_report_users_groups>
</record_update>
