<?xml version="1.0" encoding="UTF-8"?><record_update table="sys_wizard_answer">
    <sys_wizard_answer action="INSERT_OR_UPDATE">
        <active>true</active>
        <answer>NeedIt</answer>
        <button_label/>
        <dependent_value/>
        <element/>
        <name>NeedIt</name>
        <next_question/>
        <order>100</order>
        <payload_name/>
        <question display_value="Task" name="Task">e2e584791bf100108d03631abc4bcb57</question>
        <roles/>
        <script/>
        <sys_class_name>sys_wizard_answer</sys_class_name>
        <sys_created_by>system</sys_created_by>
        <sys_created_on>2017-01-27 00:05:41</sys_created_on>
        <sys_id>b4971a7d0fe03200cd674f8ce1050e8a</sys_id>
        <sys_mod_count>0</sys_mod_count>
        <sys_name>NeedIt</sys_name>
        <sys_package display_value="NeedIt" source="x_58872_needit">6ead8e780f603200cd674f8ce1050ed1</sys_package>
        <sys_policy/>
        <sys_scope display_value="NeedIt">6ead8e780f603200cd674f8ce1050ed1</sys_scope>
        <sys_update_name>sys_wizard_answer_b4971a7d0fe03200cd674f8ce1050e8a</sys_update_name>
        <sys_updated_by>system</sys_updated_by>
        <sys_updated_on>2017-01-27 00:05:41</sys_updated_on>
        <table/>
        <target_url>x_58872_needit_needit.do</target_url>
        <type>1</type>
    </sys_wizard_answer>
</record_update>
