<?xml version="1.0" encoding="UTF-8"?><record_update table="sys_db_object">
    <sys_db_object action="INSERT_OR_UPDATE">
        <access>public</access>
        <actions_access>false</actions_access>
        <alter_access>false</alter_access>
        <caller_access/>
        <client_scripts_access>false</client_scripts_access>
        <configuration_access>false</configuration_access>
        <create_access>false</create_access>
        <create_access_controls>true</create_access_controls>
        <delete_access>false</delete_access>
        <extension_model/>
        <is_extendable>false</is_extendable>
        <label>NeedIt</label>
        <live_feed_enabled>false</live_feed_enabled>
        <name>x_58872_needit_needit</name>
        <number_ref display_value="NI">1e427f010fe83200cd674f8ce1050e8b</number_ref>
        <provider_class/>
        <read_access>true</read_access>
        <scriptable_table>false</scriptable_table>
        <super_class display_value="Task" name="task">66e584791bf100108d03631abc4bcb55</super_class>
        <sys_class_code/>
        <sys_class_name>sys_db_object</sys_class_name>
        <sys_class_path/>
        <sys_created_by>admin</sys_created_by>
        <sys_created_on>2017-01-24 22:46:33</sys_created_on>
        <sys_id>45007fcd0fa83200cd674f8ce1050ebc</sys_id>
        <sys_mod_count>1</sys_mod_count>
        <sys_name>NeedIt</sys_name>
        <sys_package display_value="NeedIt" source="x_58872_needit">6ead8e780f603200cd674f8ce1050ed1</sys_package>
        <sys_policy/>
        <sys_scope display_value="NeedIt">6ead8e780f603200cd674f8ce1050ed1</sys_scope>
        <sys_update_name>sys_db_object_45007fcd0fa83200cd674f8ce1050ebc</sys_update_name>
        <sys_updated_by>admin</sys_updated_by>
        <sys_updated_on>2017-01-24 22:46:35</sys_updated_on>
        <update_access>false</update_access>
        <user_role display_value="x_58872_needit.needit_user" name="x_58872_needit.needit_user">4e42fb8d0fa83200cd674f8ce1050e72</user_role>
        <ws_access>true</ws_access>
    </sys_db_object>
</record_update>
