<?xml version="1.0" encoding="UTF-8"?><record_update table="sys_number">
    <sys_number action="INSERT_OR_UPDATE">
        <category display_value="" name="x_58872_needit_needit">x_58872_needit_needit</category>
        <maximum_digits>6</maximum_digits>
        <number>2000</number>
        <prefix>NI</prefix>
        <sys_class_name>sys_number</sys_class_name>
        <sys_created_by>admin</sys_created_by>
        <sys_created_on>2017-01-24 22:46:35</sys_created_on>
        <sys_id>1e427f010fe83200cd674f8ce1050e8b</sys_id>
        <sys_mod_count>1</sys_mod_count>
        <sys_name>NI</sys_name>
        <sys_package display_value="NeedIt" source="x_58872_needit">6ead8e780f603200cd674f8ce1050ed1</sys_package>
        <sys_policy/>
        <sys_scope display_value="NeedIt">6ead8e780f603200cd674f8ce1050ed1</sys_scope>
        <sys_update_name>sys_number_1e427f010fe83200cd674f8ce1050e8b</sys_update_name>
        <sys_updated_by>admin</sys_updated_by>
        <sys_updated_on>2017-01-25 01:02:43</sys_updated_on>
    </sys_number>
</record_update>
