<?xml version="1.0" encoding="UTF-8"?><record_update>
    <sys_ui_form_sections form_id="a52925f50fa03200cd674f8ce1050e28" sys_domain="global" table="x_58872_needit_needit" version="3">
        <sys_ui_form_section action="INSERT_OR_UPDATE">
            <position>0</position>
            <sys_created_by>admin</sys_created_by>
            <sys_created_on>2017-01-26 20:42:50</sys_created_on>
            <sys_domain>global</sys_domain>
            <sys_domain_path>/</sys_domain_path>
            <sys_id>ed2925f50fa03200cd674f8ce1050e2a</sys_id>
            <sys_mod_count>0</sys_mod_count>
            <sys_overrides/>
            <sys_ui_form display_value="x_58872_needit_needit" name="x_58872_needit_needit" sys_domain="global" view="Default view">a52925f50fa03200cd674f8ce1050e28</sys_ui_form>
            <sys_ui_section caption="NULL" display_value="" name="x_58872_needit_needit" sys_domain="global" view="Default view">5941945d0fe83200cd674f8ce1050e95</sys_ui_section>
            <sys_updated_by>admin</sys_updated_by>
            <sys_updated_on>2017-01-26 20:42:50</sys_updated_on>
        </sys_ui_form_section>
        <sys_ui_form_section action="INSERT_OR_UPDATE">
            <position>1</position>
            <sys_created_by>admin</sys_created_by>
            <sys_created_on>2017-01-26 20:42:50</sys_created_on>
            <sys_domain>global</sys_domain>
            <sys_domain_path>/</sys_domain_path>
            <sys_id>e92925f50fa03200cd674f8ce1050e2b</sys_id>
            <sys_mod_count>0</sys_mod_count>
            <sys_overrides/>
            <sys_ui_form display_value="x_58872_needit_needit" name="x_58872_needit_needit" sys_domain="global" view="Default view">a52925f50fa03200cd674f8ce1050e28</sys_ui_form>
            <sys_ui_section caption="Log" display_value="Log" name="x_58872_needit_needit" sys_domain="global" view="Default view">252925f50fa03200cd674f8ce1050e27</sys_ui_section>
            <sys_updated_by>admin</sys_updated_by>
            <sys_updated_on>2017-01-26 20:42:50</sys_updated_on>
        </sys_ui_form_section>
        <sys_ui_form_section action="INSERT_OR_UPDATE">
            <position>2</position>
            <sys_created_by>admin</sys_created_by>
            <sys_created_on>2017-01-26 20:50:56</sys_created_on>
            <sys_domain>global</sys_domain>
            <sys_domain_path>/</sys_domain_path>
            <sys_id>4c0b61390fa03200cd674f8ce1050e09</sys_id>
            <sys_mod_count>0</sys_mod_count>
            <sys_overrides/>
            <sys_ui_form display_value="x_58872_needit_needit" name="x_58872_needit_needit" sys_domain="global" view="Default view">a52925f50fa03200cd674f8ce1050e28</sys_ui_form>
            <sys_ui_section caption="Statistics" display_value="Statistics" name="x_58872_needit_needit" sys_domain="global" view="Default view">040b61390fa03200cd674f8ce1050e07</sys_ui_section>
            <sys_updated_by>admin</sys_updated_by>
            <sys_updated_on>2017-01-26 20:50:56</sys_updated_on>
        </sys_ui_form_section>
        <sys_ui_form action="INSERT_OR_UPDATE">
            <name>x_58872_needit_needit</name>
            <roles/>
            <sys_class_name>sys_ui_form</sys_class_name>
            <sys_created_by>admin</sys_created_by>
            <sys_created_on>2017-01-26 20:42:50</sys_created_on>
            <sys_domain>global</sys_domain>
            <sys_domain_path>/</sys_domain_path>
            <sys_id>a52925f50fa03200cd674f8ce1050e28</sys_id>
            <sys_mod_count>0</sys_mod_count>
            <sys_name>x_58872_needit_needit</sys_name>
            <sys_overrides/>
            <sys_package display_value="NeedIt" source="x_58872_needit">6ead8e780f603200cd674f8ce1050ed1</sys_package>
            <sys_policy/>
            <sys_scope display_value="NeedIt">6ead8e780f603200cd674f8ce1050ed1</sys_scope>
            <sys_update_name>sys_ui_form_sections_a52925f50fa03200cd674f8ce1050e28</sys_update_name>
            <sys_updated_by>admin</sys_updated_by>
            <sys_updated_on>2017-01-26 20:42:50</sys_updated_on>
            <sys_user/>
            <view display_value="Default view" name="NULL">Default view</view>
            <view_name/>
        </sys_ui_form>
    </sys_ui_form_sections>
</record_update>
