<?xml version="1.0" encoding="UTF-8"?><record_update>
    <sys_documentation element="complete" label="% complete" language="en" table="x_58872_needit_needit">
        <sys_documentation action="INSERT_OR_UPDATE">
            <element>complete</element>
            <help/>
            <hint/>
            <label>% complete</label>
            <language>en</language>
            <name>x_58872_needit_needit</name>
            <plural>% completes</plural>
            <sys_class_name>sys_documentation</sys_class_name>
            <sys_created_by>admin</sys_created_by>
            <sys_created_on>2018-06-11 18:13:05</sys_created_on>
            <sys_id>971034551bea4410c6956356bd4bcbcc</sys_id>
            <sys_mod_count>0</sys_mod_count>
            <sys_name>% complete</sys_name>
            <sys_package display_value="NeedIt" source="x_58872_needit">6ead8e780f603200cd674f8ce1050ed1</sys_package>
            <sys_policy/>
            <sys_scope display_value="NeedIt">6ead8e780f603200cd674f8ce1050ed1</sys_scope>
            <sys_update_name>sys_documentation_x_58872_needit_needit_complete_en</sys_update_name>
            <sys_updated_by>admin</sys_updated_by>
            <sys_updated_on>2018-06-11 18:13:05</sys_updated_on>
            <url/>
            <url_target/>
        </sys_documentation>
    </sys_documentation>
</record_update>
