<?xml version="1.0" encoding="UTF-8"?><record_update table="sys_report_drill">
    <sys_report_drill action="INSERT_OR_UPDATE">
        <additional_groupby/>
        <aggregate>COUNT</aggregate>
        <allow_data_label_overlap>false</allow_data_label_overlap>
        <axis_max_color display_value="UI14 Blue Light">b0d449b3d7332100fa6c0c12ce610383</axis_max_color>
        <axis_min_color display_value="White">65b303c7a9fe3dba00629aff95ee3597</axis_min_color>
        <bar_unstack>false</bar_unstack>
        <chart_background_color/>
        <chart_border_color/>
        <chart_border_radius>0</chart_border_radius>
        <chart_border_width>1</chart_border_width>
        <chart_height>450</chart_height>
        <chart_size>large</chart_size>
        <chart_subtitle/>
        <chart_subtitle_color/>
        <chart_subtitle_size/>
        <chart_subtitle_style/>
        <chart_title/>
        <chart_title_color display_value="Black">65b30218a9fe3dba0120df8611520d97</chart_title_color>
        <chart_title_size>16</chart_title_size>
        <chart_title_style/>
        <chart_title_x_position>0</chart_title_x_position>
        <chart_title_y_position>0</chart_title_y_position>
        <chart_width>600</chart_width>
        <color display_value="Default Color">de699435d7033100b4964ebfae610331</color>
        <color_palette display_value="Default UI14">aa558ab3d7732100fa6c0c12ce610377</color_palette>
        <colors/>
        <column/>
        <compute_percent>aggregate</compute_percent>
        <content/>
        <created_by_user display_value="System Administrator">6816f79cc0a8016401c5a33be04be441</created_by_user>
        <custom_chart_size>false</custom_chart_size>
        <custom_chart_title_position>false</custom_chart_title_position>
        <custom_config/>
        <decimal_precision>2</decimal_precision>
        <description/>
        <direction>minimize</direction>
        <display_column_lines>false</display_column_lines>
        <display_grid>false</display_grid>
        <display_row_lines>false</display_row_lines>
        <donut_width_percent>50</donut_width_percent>
        <end_time/>
        <exp_report_attrs>true</exp_report_attrs>
        <field>u_requested_for</field>
        <field_list/>
        <filter/>
        <from/>
        <funnel_neck_percent>30</funnel_neck_percent>
        <gauge_autoscale>true</gauge_autoscale>
        <group/>
        <import_table/>
        <interval>month</interval>
        <is_published>false</is_published>
        <is_real_time>false</is_real_time>
        <is_scheduled>false</is_scheduled>
        <legend_align_columns>false</legend_align_columns>
        <legend_background_color/>
        <legend_border_color/>
        <legend_border_radius>0</legend_border_radius>
        <legend_border_width>1</legend_border_width>
        <legend_horizontal_alignment>center</legend_horizontal_alignment>
        <legend_items_left_align>false</legend_items_left_align>
        <legend_vertical_alignment>bottom</legend_vertical_alignment>
        <list_ui_view/>
        <location_field/>
        <lower_limit/>
        <map display_value="World">93b8a3a2d7101200bd4a4ebfae61033a</map>
        <map_source/>
        <orderby_list/>
        <other_threshold>-2</other_threshold>
        <others>true</others>
        <page_hdrftr/>
        <pivot_expanded>true</pivot_expanded>
        <report_drilldown/>
        <report_source display_value="Active NeedIt Requests (NeedIt)">85383a864fa21300874e8020a310c777</report_source>
        <roles/>
        <row/>
        <sc_groupby_item_id/>
        <sc_groupby_variable_id/>
        <sc_stackby_item_id/>
        <sc_stackby_variable_id/>
        <score_color display_value="Black">65b30218a9fe3dba0120df8611520d97</score_color>
        <series_name_text/>
        <set_color>color_palette</set_color>
        <show_chart_border>false</show_chart_border>
        <show_chart_data_label>false</show_chart_data_label>
        <show_chart_title>report</show_chart_title>
        <show_chart_total>false</show_chart_total>
        <show_data_label_position_middle>false</show_data_label_position_middle>
        <show_empty>false</show_empty>
        <show_geographical_label>false</show_geographical_label>
        <show_legend>true</show_legend>
        <show_legend_border>false</show_legend_border>
        <show_marker>true</show_marker>
        <show_zero>false</show_zero>
        <source_type>source</source_type>
        <start_time/>
        <style_config/>
        <sumfield>business_duration</sumfield>
        <sys_class_name>sys_report_drill</sys_class_name>
        <sys_created_by>admin</sys_created_by>
        <sys_created_on>2018-06-09 05:17:43</sys_created_on>
        <sys_id>47b6c89e4f261300874e8020a310c759</sys_id>
        <sys_mod_count>0</sys_mod_count>
        <sys_name>Monthly Active Requests by Requested for</sys_name>
        <sys_package display_value="NeedIt" source="x_58872_needit">6ead8e780f603200cd674f8ce1050ed1</sys_package>
        <sys_policy/>
        <sys_scope display_value="NeedIt">6ead8e780f603200cd674f8ce1050ed1</sys_scope>
        <sys_update_name>sys_report_drill_47b6c89e4f261300874e8020a310c759</sys_update_name>
        <sys_updated_by>admin</sys_updated_by>
        <sys_updated_on>2018-06-09 05:17:43</sys_updated_on>
        <table>x_58872_needit_needit</table>
        <title>Monthly Active Requests by Requested for</title>
        <title_horizontal_alignment>center</title_horizontal_alignment>
        <title_vertical_alignment>top</title_vertical_alignment>
        <to/>
        <trend_field>u_when_needed</trend_field>
        <type>line_bar</type>
        <upper_limit/>
        <use_color_heatmap>false</use_color_heatmap>
        <use_null_in_trend>false</use_null_in_trend>
        <user>6816f79cc0a8016401c5a33be04be441</user>
        <x_axis_allow_decimals>false</x_axis_allow_decimals>
        <x_axis_display_grid>false</x_axis_display_grid>
        <x_axis_grid_color display_value="LightGrey">65b30308a9fe3dba01ebaa03e87e7cd3</x_axis_grid_color>
        <x_axis_grid_dotted>false</x_axis_grid_dotted>
        <x_axis_grid_width>1</x_axis_grid_width>
        <x_axis_label_bold>false</x_axis_label_bold>
        <x_axis_label_color/>
        <x_axis_label_size>11</x_axis_label_size>
        <x_axis_label_tilt/>
        <x_axis_opposite>false</x_axis_opposite>
        <x_axis_title/>
        <x_axis_title_bold>true</x_axis_title_bold>
        <x_axis_title_color display_value="Black">65b30218a9fe3dba0120df8611520d97</x_axis_title_color>
        <x_axis_title_size>12</x_axis_title_size>
        <y_axis_allow_decimals>false</y_axis_allow_decimals>
        <y_axis_display_grid>true</y_axis_display_grid>
        <y_axis_from/>
        <y_axis_grid_color display_value="LightGrey">65b30308a9fe3dba01ebaa03e87e7cd3</y_axis_grid_color>
        <y_axis_grid_dotted>false</y_axis_grid_dotted>
        <y_axis_grid_width>1</y_axis_grid_width>
        <y_axis_label_bold>false</y_axis_label_bold>
        <y_axis_label_color/>
        <y_axis_label_size>11</y_axis_label_size>
        <y_axis_label_tilt/>
        <y_axis_opposite>false</y_axis_opposite>
        <y_axis_title/>
        <y_axis_title_bold>true</y_axis_title_bold>
        <y_axis_title_color display_value="Black">65b30218a9fe3dba0120df8611520d97</y_axis_title_color>
        <y_axis_title_size>12</y_axis_title_size>
        <y_axis_to/>
    </sys_report_drill>
</record_update>
